Unternehmensform,Webseite,Stadt,PLZ,Straße,Geschlecht,Anrede,Name,Telefonnummer (Google Maps),Telefonnummer (FastPal Enrichment),E-Mail,Zusammenfassung,Unternehmen,Geschlecht,Anrede,Name,Unternehmensart,Kontaktperson 1 - Name,Kontaktperson 1 - E-Mail,Kontaktperson 1 - Telefon,Kontaktperson 2 - Name,Kontaktperson 2 - E-Mail,Kontaktperson 2 - Telefon,Kontaktperson 3 - Name,Kontaktperson 3 - E-Mail,Kontaktperson 3 - Telefon,Services
,,,,,,,,+49 1522 9515708,,,,Souvenirgeschäft Kalinka,,,,Souvenirladen,,,,,,,,,,
,http://linke-cologne.de/de/,,,,,,,+49 221 2582030,,,"Linke Souvenirs ist ein Souvenirladen, der sich auf den Verkauf von Souvenirs spezialisiert hat. Das Unternehmen bietet eine breite Palette an Produkten an, die typisch für die Region sind. Dazu gehören unter anderem lokale Spezialitäten und handgefertigte Artikel. Linke Souvenirs legt Wert auf Qualität und Authentizität seiner Waren. Das Geschäft ist bestrebt, seinen Kunden ein unvergessliches Einkaufserlebnis zu bieten. Durch die Auswahl einzigartiger und lokaler Produkte hebt sich Linke Souvenirs von anderen Souvenirläden ab.",Linke Souvenirs,,,,Souvenirladen,,,,,,,,,,Souvenirladen
,https://bonbon-cologne.de/,,,,,,,+49 1578 5282211,,,"BonBon Cologne ist ein Geschäft für Modeaccessoires, das sich auf eine breite Palette von Produkten spezialisiert hat. Das Sortiment umfasst Schmuck, Taschen, Schals und Hüte, die sowohl für den Alltag als auch für besondere Anlässe geeignet sind. Das Unternehmen legt Wert auf Qualität und Stil und bietet seinen Kunden trendige und dennoch zeitlose Stücke. BonBon Cologne richtet sich an eine modebewusste Zielgruppe, die Wert auf Individualität und Ausdruck legt. Durch die sorgfältige Auswahl der Produkte möchte das Geschäft seinen Kunden ermöglichen, ihren persönlichen Stil zu unterstreichen. Die Atmosphäre im Geschäft ist einladend und inspirierend, um das Einkaufserlebnis zu bereichern. BonBon Cologne versteht sich als Anlaufstelle für stilvolle Accessoires, die jedes Outfit aufwerten.",BonBon Cologne,,,,Geschäft für Modeaccessoires,,,,,,,,,,
,https://www.schmunzelkisten.de/,,,,,,,+49 178 7578832,,,"Schmunzelkisten ist ein Souvenirladen, der sich auf originelle Bilder spezialisiert hat. Das Sortiment umfasst Motive, die sich mit dem Kölner Leben und alltäglichen Begebenheiten beschäftigen. Der Laden bietet eine Auswahl an Produkten, die diese Themen auf humorvolle und charmante Weise darstellen. Kunden finden hier einzigartige Geschenkartikel und Erinnerungsstücke. Schmunzelkisten zeichnet sich durch seine kreative und lokal inspirierte Produktpalette aus. Das Unternehmen richtet sich an Menschen, die das Besondere suchen und eine Verbindung zu Köln oder dem Alltag haben.",Schmunzelkisten - Originelle Bilder über Kölsches und Alltägliches,,,,Souvenirladen,,,,,,,,,,Souvenirs
,,,,,,,,,,,,Cologne Shop - Love Locks,,,,Souvenirladen,,,,,,,,,,
,,,,,,,,,,,,Domstadt Souvenirs,,,,Souvenirladen,,,,,,,,,,
,https://souvenir-point.onepage.me/souvenir-point,Köln,50667,Komödienstraße 7,Herr,,Suhail Haschemi,+49 221 2589890,+49 221 2589890,souvenir-point@outlook.com,"Souvenir Point - Luggage Storage ist ein traditionsreicher Souvenirladen in Köln, der sich nur wenige Schritte vom Kölner Dom entfernt befindet. Das Unternehmen bietet eine breite Palette an Souvenirs aus ganz Deutschland, die liebevoll in Deutschland hergestellt werden und somit echte deutsche Qualität garantieren. Neben klassischen Artikeln wie Magneten, Tassen und Schlüsselanhängern finden Kunden auch exklusive Produkte, die nur dort erhältlich sind. Souvenir Point zeichnet sich durch ein freundliches Familienunternehmen aus, das seit über 18 Jahren besteht und auf persönliche Kundenbetreuung setzt. Zusätzlich zur Souvenir-Auswahl bietet das Geschäft eine praktische Gepäckaufbewahrung in zentraler Lage an, ideal für Touristen, die Köln unbeschwert erkunden möchten. Auch SIM-Karten von Ortel und Lycamobil sowie die Personalisierung von Liebesschlössern gehören zum Serviceangebot.",Souvenir Point - Luggage Storage,Herr,,Suhail Haschemi,Souvenirladen,Suhail Haschemi,,,Suhail Haschemi,,,Csaba Szepesi,,,Souvenirs; Gepäckaufbewahrung; Sim-Karten; Personalisierte Gravuren; Geschenke
GmbH,https://germansouvenirs-koeln.de/,New York,,,,,,+49 221 2774535,+49 221 27726988,hello@dream-theme.com,"German Souvenirs ist ein Geschenkladen in Köln, der sich auf deutsche Souvenirs spezialisiert hat. Das Unternehmen bietet eine große Auswahl an hochwertigen Produkten, darunter insbesondere Kuckucksuhren aus dem Schwarzwald. Diese Uhren sind in verschiedenen Ausführungen erhältlich, von einfachen Modellen mit 1-Tages-Uhrwerk bis hin zu aufwendig geschnitzten Uhren mit 8-Tages-Uhrwerk. German Souvenirs legt Wert auf deutsche Qualität und authentische Produkte von Top-Marken. Kunden können bequem online bestellen und weltweit versenden lassen. Alternativ können die Produkte auch in den beiden Kölner Filialen erworben werden. Das Unternehmen bietet zudem einen persönlichen Kundenservice per Telefon und E-Mail.",German Souvenirs,Frau,,Tiffany Greenfield,Geschenkladen,Tiffany Greenfield,,,Diana Swift,,,John Brown,,,German Souvenirs; Online-Shop; Kuckucks Clocks; Shipping worldwide; German Quality
,,,,,,,,+49 221 56098617,,,,TausendSee Kiosk Souvenir,,,,Souvenirladen,,,,,,,,,,
GmbH,https://www.koelner-domshop.de/souvenirs/,Köln,50667,Roncalliplatz 2,Herr,Geschäftsführer,Thomas Hartmann,+49 179 7083336,+49 (0) 221 17940 444,geschaeftsfuehrung@koelner-domshop.de,"Der Dom Souvenir ist der offizielle Online-Shop des Kölner Doms und bietet seit 2008 eine breite Palette an Produkten an. Kunden können hier exklusive Artikel, kirchliche Souvenirs, Kleidung, Accessoires und Medien rund um den Kölner Dom erwerben. Das Sortiment reicht von kleinen Mitbringseln wie Postkarten und Bleistiften bis hin zu größeren Erinnerungsstücken wie Bettwäsche und Liqueur. Besonders hervorzuheben sind die Produkte, die eine Verbindung zum 1. FC Köln aufweisen. Der Shop versendet versandkostenfrei ab einem Bestellwert von 39 Euro. Kunden haben die Möglichkeit, sich anzumelden, ihr Konto zu verwalten und ihre Bestellungen einzusehen. Der Dom Souvenir ermöglicht es, ein Stück Köln und den Dom mit nach Hause zu nehmen.",Dom Souvenir,Frau,,Sabine Pilgram,Souvenirladen,Geschäftsführer Thomas Hartmann,,,Sabine Pilgram,,,Sabine Pilgram,,,
e.K.,http://sumericasocks.com/,Köln,50667,Burgmauer 6,,,,,,[email protected],"Sumericasocks ist ein Unternehmen, das sich auf den Verkauf von Socken spezialisiert hat und bunte Designs für Damen, Herren und Kinder anbietet. Sie werben mit dem Slogan ""Jeder Schritt ein Wohlfühlerlebnis"" und bieten eine breite Palette an Socken, Strumpfhosen und Leggings an. Aktuell gibt es eine Aktion, bei der man drei Paar Socken kauft und nur zwei bezahlt. Das Unternehmen legt Wert auf Kundenzufriedenheit und bietet kostenlosen Versand, flexible Zahlungsoptionen und ein 14-tägiges Rückgaberecht. Der Hauptsitz von Sumericasocks befindet sich in Köln, Deutschland. Sie legen Wert auf Premium-Kundensupport und informieren ihre Kunden gerne über Neuankömmlinge und Sonderangebote über ihren Newsletter.",Sumerica socks,Not specified,, ,Souvenirladen,,,,,,,,,,
,,,,,,,,+49 221 2580149,,,,4Köln GmbH & Co. KG,,,,Souvenirladen,,,,,,,,,,
,,,,,,,,+49 221 27226858,,,,Am Malzbüchel Supermarkt - Kiosk,,,,Souvenirladen,,,,,,,,,,
,http://www.koelnerzooshop.de/,,,,,,,+49 221 7785154,,,"Der ZooShop Nebeneingang ist ein Souvenirladen, der sich auf Produkte rund um den Zoo spezialisiert hat. Er bietet eine breite Palette an Artikeln, die das Zoo-Erlebnis ergänzen und verschönern. Kunden finden hier alles von Plüschtieren und Spielzeug bis hin zu Kleidung und Accessoires mit Zoo-Motiven. Der Laden legt Wert auf eine ansprechende Präsentation und eine freundliche Atmosphäre. Er richtet sich sowohl an Zoo-Besucher als auch an Tierfreunde, die ein Stück Zoo mit nach Hause nehmen möchten. Der ZooShop Nebeneingang ist somit die ideale Anlaufstelle für alle, die auf der Suche nach originellen Geschenken oder Erinnerungsstücken sind.",ZooShop Nebeneingang,,,,Souvenirladen,,,,,,,,,,Souvenirs
e.K.,https://www.koeln.de/branchen/eintrag/3610/geschenke/cologne-souvenirs-dieter-veithen-ek,Köln,50667,Alter Markt 55,Herr,,Dieter Veithen,+49 221 2570457,+49 170 4164984,veithen@t-online.de,"Cologne Souvenirs, ein traditionsreicher Souvenirladen in der Kölner Altstadt am Alter Markt 55, bietet seit über 30 Jahren authentische Andenken und besondere Geschenkideen. Das Geschäft zeichnet sich durch eine vielfältige Auswahl an Kölner Souvenirs, Kunsthandwerk aus dem Erzgebirge, original Schwarzwälder Kuckucksuhren und Sammlerstücken aus. Besonders hervorzuheben ist das Sortiment von Wendt & Kühn, klassische Nussknacker, Räuchermännchen und Bierkrüge, die alle in Deutschland gefertigt werden. Cologne Souvenirs legt großen Wert auf persönliche Beratung und heißt seine internationalen Kunden herzlich willkommen. Für Rollstuhlfahrer wird nach vorheriger Absprache ein individueller Besuch außerhalb der regulären Öffnungszeiten ermöglicht. Das Geschäft ist von Montag bis Samstag von 11:00 bis 17:00 Uhr geöffnet, sonntags von 11:00 bis 16:00 Uhr. Aktuell sucht das Unternehmen zudem Unterstützung im Verkauf auf Minijob-Basis.",Cologne Souvenirs,Herr,,Dieter Veithen,Souvenirladen,Dieter Veithen,,,Dieter Veithen,,,,,,Souvenirs; Kunsthandwerk; Sammlerstücke; Geschenkideen; Andenken
GmbH,https://www.globetrotter.de/filialen/koeln/#filiale,Hamburg,2305,Fuhlsbüttler Straße 29,Herr,,Andreas Vogler,+49 221 2772880,+49 40 67966179,info@globetrotter.de,"Globetrotter Köln ist ein Geschäft, das sich auf Outdoor-Ausrüstung spezialisiert hat und als größter Outdoor-Store Europas gilt. Auf 7.000 m² bietet das Geschäft eine riesige Auswahl an Produkten für verschiedene Outdoor-Aktivitäten wie Camping, Wandern, Wassersport und Bergsport. Neben dem Verkauf von Neuwaren gibt es auch einen Secondhand-Bereich für gebrauchte Ausrüstung und eine Werkstatt für Reparaturen. Globetrotter Köln legt Wert auf Nachhaltigkeit und bietet Services wie Ausrüstungsverleih und eine Wasserstation zur Vermeidung von Plastikmüll. Die Filiale veranstaltet regelmäßig Events, Vorträge und Workshops, um die Outdoor-Community zu inspirieren und zu verbinden. Kunden können persönliche Beratungstermine buchen und von Click & Collect profitieren. Globetrotter Köln ist mehr als nur ein Geschäft, es ist ein Treffpunkt für Outdoor-Enthusiasten.",Globetrotter Köln,Herr,,Andreas Vogler,Geschäft,Andreas Vogler,,,Andreas Bartmann,,,Alex Koska,,,
e.K.,https://4711cologne.de/,Köln,50667,Wallrafplatz 9,Herr,,Johannes Wrede,+49 221 2588955,0221 25 88 955,info@4711cologne.de,"Der 4711 Shop am Dom ist ein traditionsreiches Parfümerieunternehmen, das für sein berühmtes Echt Kölnisch Wasser bekannt ist. Dieses innovative Duftwasser aus dem 18. Jahrhundert, das auf einem erfrischenden Rezept aus ätherischen Ölen basiert, hat die Marke weltweit berühmt gemacht. Der Name ""4711"" und die Bezeichnung ""Echt Kölnisch Wasser"" sind tief in der Geschichte Kölns verwurzelt und stehen für deutsche Handwerkskunst. Neben dem klassischen Echt Kölnisch Wasser bietet das Unternehmen auch die Duftlinien Acqua Colonia, Acqua Colonia Intense und die Floral Collection an. Diese Düfte reichen von leicht und erfrischend bis hin zu intensiveren Aromen, die für unvergessliche Duftmomente sorgen. Der 4711 Shop am Dom repräsentiert somit zeitlose Eleganz und Tradition in der Welt der Parfümerie.",4711 Shop am Dom,Herr,,Johannes Wrede,Parfümerie,Johannes Wrede,,,,,,,,,
GmbH,http://mausundmehr.com/,Gosen-Neu Zittau,15537,Geschwister-Scholl-Straße 11,Herr,,Andreas Trötsch,+49 221 25858777,+49 (0) 3375 21762-0,info@mausundmehr.com,"MAUS&MEHR ist ein Souvenirladen in den WDR-Arkaden in Köln, der früher als Maus-Laden bekannt war. Das Geschäft bietet eine breite Palette von Artikeln rund um die Maus, den kleinen blauen Elefanten, das Sandmännchen und den kleinen Maulwurf an. Das Sortiment umfasst Spielwaren, Kinderbekleidung, Tassen, Besteck und vieles mehr. MAUS&MEHR richtet sich an Kunden jeden Alters, von Kindern bis zu Erwachsenen, die Nostalgie oder Geschenke suchen. Das Geschäft wird nun von der Trötsch Handels GmbH betrieben, die bereits ein großer Lizenznehmer der WDR Mediagroup ist. MAUS&MEHR ist für Jung und Alt gleichermaßen geeignet und bietet Produkte, die Freude bereiten.",Maus und mehr,Herr,,Andreas Trötsch,Souvenirladen,Andreas Trötsch,,,Andreas Trötsch,,,,,,
GmbH,https://www.koelntourismus.de/,Köln,50667,Kardinal-Höffner-Platz 1,Herr,Dr.,Jürgen Amann,+49 221 346430,+49 (0) 221. 346 43 0,info@koelntourismus.de,"Die KölnTourismus GmbH, auch bekannt als VisitKöln, ist die offizielle Tourismusorganisation der Stadt Köln. Sie bietet umfassende Informationen für Besucher, um unbeschwerte Tage in der Domstadt zu ermöglichen. Das Unternehmen präsentiert Highlights, Sehenswürdigkeiten wie den Kölner Dom, Weihnachtsmärkte, Brauhäuser und informiert über Veranstaltungen wie den ColognePride und den Kölner Karneval. KölnTourismus fördert die weltoffene Metropole am Rhein und lädt dazu ein, die Stadt zu entdecken. Auf ihrer Website finden sich Angebote zu Erlebnissen, Kunst & Kultur, Genuss & Diversität sowie Geschichten über Köln. Zudem bietet sie praktische Informationen zur Anreise, Unterkunft und Mobilität, inklusive der KölnCard für Vergünstigungen. Die Tourist Information steht Besuchern persönlich und telefonisch zur Verfügung.",KölnTourismus GmbH | VisitKöln,Frau,Stephanie,Kleine Klausing,Touristeninformation,Dr. Jürgen Amann,,,Stephanie Kleine Klausing,,,Eva Wilhelm Wilhelm,,,
GmbH,https://www.santosgrills.de/,Köln,51063,Hafenstraße 1-3,Herr,,Franziskus Josten,+49 221 63072220,0221-63072220,shop@santosgrills.de,"Der Santos Grillshop ist ein führender Fachhändler für Grillgeräte mit einer breiten Auswahl an Gas-, Holzkohle-, Pellet- und Elektrogrills sowie Pizzaöfen und Außenküchen. Das Unternehmen zeichnet sich durch umfassende Beratung, exzellenten Service und hohe Qualität aus, sowohl online als auch in seinen Grillfachgeschäften. Mit über 10.000 Grills direkt versandbereit und einem großen Lagerbestand bietet Santos eine schnelle Verfügbarkeit. Zusätzlich betreibt Santos eine eigene Grillschule, in der verschiedene Grillseminare angeboten werden, und stellt im Grill Magazin und auf YouTube zahlreiche Rezepte und Tipps zur Verfügung. Kunden profitieren von einer persönlichen Grillberatung und einem breiten Angebot an Zubehör und Ersatzteilen. Santos legt Wert auf Kundenzufriedenheit und bietet kostenlose Lieferung ab 199 € sowie eine Selbstabholer-Prämie. Das Unternehmen ist an mehreren Standorten in Deutschland, Österreich und der Schweiz vertreten.",Santos Grillshop,Herr,,Franziskus Josten,Fachgeschäft für Grillgeräte,Franziskus Josten,,,Daniel Schellhoss,,,Franziskus Josten,,,
Verein,http://www.altstaedter.de/,Köln,50667,Alter Markt 28-32,Herr,Dr.,Björn Braun,+49 221 3100628,0221/3100628,info@altstaedter.de,"Die Altstädter Köln 1922 eV sind ein Traditionskorps des Kölner Karnevals und gehören zu den fünf Ur-Traditionskorps. Sie sind das ganze Jahr über aktiv und bieten eine Reihe von Veranstaltungen an, um den Karneval mit ihnen zu feiern. Auf ihrer Website finden sich Informationen zu ihren verschiedenen Abteilungen wie dem Vorstand, Senat, Tanzkorps, Tanzpaar, Reiterkorps, Großem Rat und Reservekorps. Zudem gibt es einen Bereich für Freunde und Förderer sowie Informationen zum Regimentsspielmannszug und der Regimentskapelle. Die Altstädter bieten auch einen Ticketshop und einen Fanshop für ihre Anhänger an. Auf der Website sind zudem historische Informationen über das kurkölnische Traditionskorps und den Fahneneid zu finden. Die Altstädter Köln 1922 eV haben ihren Sitz am Alter Markt in Köln.",Altstädter Köln 1922 eV,Herr,Dr.,Björn Braun,Vereinigung / Organisation,Dr. Björn Braun,,,Elisabeth Schruff,,,Jasmin Becker,,,
GmbH,http://www.platzhirsch-bonn.de/,Bonn,53117,Am Paulusacker 8,Herr,Geschäftsführer,Thomas Gimbel,+49 228 96967565,+49228679000,info@platzhirsch-bonn.de,"Platzhirsch Bonn ist ein charmantes Souvenirgeschäft im Herzen der Bonner Altstadt in der Breite Straße 32. Das Geschäft bietet eine vielfältige Auswahl an Produkten, die die Stadt Bonn widerspiegeln, darunter Becher, Kleidung, Schlüsselanhänger, Bücher, Spiele und Postkarten. Viele Artikel sind mit Motiven von Ludwig van Beethoven oder der berühmten Bonner Kirschblüte verziert. Die Breite Straße selbst ist bekannt für ihre Kirschblüten und zieht jährlich Besucher aus aller Welt an. Platzhirsch Bonn kombiniert Tradition und moderne Einflüsse, um einzigartige Andenken und Geschenke anzubieten. Das Sortiment wird durch saisonale Produkte ergänzt, die den aktuellen Charme Bonns zeigen. Kunden können sowohl online stöbern als auch das Geschäft persönlich besuchen.",Platzhirsch Bonn,Herr,Geschäftsführer,Thomas Gimbel,Souvenirladen,Geschäftsführer Thomas Gimbel,,,,,,,,,
GmbH,https://unternehmen.nanu-nana.de/filiale/koeln-colonaden-hbf-trankgasse-11,Oldenburg,26045,Postfach 5552,Herr,Geschäftsführer,Joachim Hoepp,+49 221 1391322,0049-441-9224-10,info@nanu-nana.de,"NANU-NANA ist ein Geschenkladen, der auf seiner Karriereseite Informationen für potenzielle Mitarbeiter bereitstellt. Das Unternehmen präsentiert sich als attraktiver Arbeitgeber und hebt Erfolgsgeschichten hervor. Es richtet sich an verschiedene Zielgruppen wie Direkt- und Quereinsteiger, Schüler, Abiturienten, Studierende und bietet Ausbildungsmöglichkeiten in den Filialen an. NANU-NANA informiert über Arbeitsbereiche in Filialen und der Zentrale und gibt Bewerbungstipps. Das Unternehmen betont seine Möglichkeiten für verschiedene Karrierewege.",NANU-NANA,Herr,Geschäftsführer,Joachim Hoepp,Geschenkladen,Geschäftsführer Joachim Hoepp,,,Geschäftsführer Sabine Hoepp,,,Geschäftsführer Grischa Krieger,,,
,http://wdr-mediagroup.com/programmverwertung/produktvertrieb/maus-und-co-laden/#_bn,,,,,,,+49 221 2572134,,,"Maus & Co. ist ein Spielwarengeschäft, das sich auf hochwertige und pädagogisch wertvolle Spielzeuge spezialisiert hat. Das Sortiment umfasst eine breite Auswahl an Produkten für verschiedene Altersgruppen, von Babys bis zu Teenagern. Besonderen Wert legt Maus & Co. auf Spielzeug, das die Kreativität, Motorik und kognitive Entwicklung von Kindern fördert. Das Geschäft bietet eine persönliche Beratung und hilft Eltern gerne bei der Auswahl des passenden Spielzeugs. Maus & Co. zeichnet sich durch eine liebevolle und ansprechende Präsentation der Produkte aus. Kunden schätzen die hohe Qualität und die sorgfältige Auswahl des Sortiments. Maus & Co. ist mehr als nur ein Spielwarenladen, es ist ein Ort, an dem Kinderträume wahr werden.",Maus & Co.,,,,Spielwarengeschäft,,,,,,,,,,Spielwaren
,https://lagalana.de/,,,,,,,+49 221 8000923,,,"La Galana Zigarrenmanufaktur und Salon ist ein Zigarrengeschäft im Herzen von Köln-Ehrenfeld. Das Unternehmen bietet eine beeindruckende Auswahl an Tabakwaren, darunter die eigenen handgerollten LA GALANA Zigarren sowie berühmte kubanische Marken wie Cohiba und Montecristo. Als offizieller Habanos Point und Davidoff-Depositär garantiert La Galana höchste Qualität und fachgerechte Lagerung. Neben Zigarren finden Kunden auch eine erlesene Auswahl an kubanischen Rumsorten und passendes Zubehör. La Galana veranstaltet zudem Zigarren- und Rumseminare und bietet Zigarrenrollerinnen für Events an, um kubanisches Flair zu verbreiten. Das Geschäft zeichnet sich durch eine entspannte Atmosphäre und kompetente Beratung aus, was es zu einem Juwel für Zigarrenliebhaber macht.",La Galana Zigarrenmanufaktur und Salon,,,,Zigarrengeschäft,,,,,,,,,,Zigarren; Tabakwaren; Accessoires
,,,,,,,,+351 926 346 048,,,,Souvenirladen,,,,Souvenirladen,,,,,,,,,,
,,,,,,,,+49 221 27226858,,,,Kiosk Am Heumarkt,,,,Kiosk,,,,,,,,,,
,https://flyingtiger.com/pages/store-locator,,,,,,,+49 221 27046809,,,"Flying Tiger Copenhagen ist ein dänisches Unternehmen, das weltweit Geschenkläden betreibt. Sie bieten eine breite Palette an modernen, saisonalen Produkten und farbenfrohen Alltagsgegenständen zu erschwinglichen Preisen. Das Unternehmen legt Wert auf Vielfalt und verfolgt ambitionierte Nachhaltigkeitsziele. Ihr Sortiment umfasst Artikel für Zuhause, Spielzeug, Bastelbedarf, Partyartikel, Schreibwaren und Accessoires. Flying Tiger Copenhagen inspiriert dazu, das Leben in vollen Zügen zu genießen und fördert Kreativität. Sie sind bekannt für ihre einzigartigen und oft überraschenden Produkte, die das Einkaufen zu einem Erlebnis machen. Das Unternehmen engagiert sich für verantwortungsvollen Umgang mit Ressourcen, beispielsweise durch FSC-zertifizierte Produkte.",Flying Tiger Copenhagen,,,,Geschenkladen,,,,,,,,,,Geschenkladen
Delaware corporation,https://bounce.com/stores/cologne/GVYdEG,San Francisco,,548 Market St PMB 60414,Not specified,,Bounce Inc.,+49 201 49869003,,support@usebounce.com,"Bounce Luggage Storage - Cologne Central Station bietet Gepäckaufbewahrung in der Nähe des Kölner Hauptbahnhofs an. Kunden können ihre Taschen ab 3,50 € pro Tag sicher verstauen und so die Stadt unbeschwert erkunden. Der Service ist einfach zu nutzen, mit einer schnellen Abgabe und Abholung der Gepäckstücke. Das Unternehmen bietet eine kostenlose Stornierung und eine Versicherung bis zu 10.000 € an. Die Lagerorte sind mit 24/7 Sicherheitskameras überwacht und bieten verschiedene Schließfachgrößen für alle Arten von Gepäck. Kunden loben die freundlichen Mitarbeiter und die zentrale Lage, die ideal für Reisende ist.",Bounce Luggage Storage - Cologne Central Station,Not specified,,Bounce Inc.,Gepäckaufbewahrung,Bounce Inc.,,,,,,,,,
GmbH,https://www.pinupcomic.de/index.html,Köln,50668,Ritterstr. 44,Herr,,Uwe Petritt,+49 221 136803,0221 / 136803,pinupcomics@netcologne.de,"PIN-UP Comics & mehr ist ein Comicladen, der eine breite Auswahl an Comics, Mangas und Graphic Novels anbietet. Das Sortiment umfasst sowohl aktuelle Neuerscheinungen als auch Klassiker und Sammlerstücke. Neben Comics finden Kunden auch Merchandise-Artikel wie Actionfiguren, Poster und T-Shirts. PIN-UP Comics & mehr legt Wert auf eine persönliche Beratung und eine gemütliche Atmosphäre. Der Laden richtet sich an Comic-Fans jeden Alters und bietet ein breites Spektrum für Einsteiger und Kenner.",PIN-UP Comics & mehr,Herr,,Uwe Petritt,Comicladen,Uwe Petritt,,,Armin,,,,,,
e.K.,http://www.koelnknipse.de/,Köln,50676,Hohe Pforte 13-17,Not specified,Inhaber,Len Finke,+49 221 34662748,0221 34662748,info@koelnknipse.de,"kölnknipse ist ein Geschenkladen, der sich auf Fotos im Quadrat spezialisiert hat. Diese Fotos werden in liebevoller Handarbeit auf schwarze MDF-Platten aufgezogen und sind somit echtes Kölner Kunsthandwerk. Das Unternehmen bietet über 800 Motive an, die von Lieblingsorten über besondere Blickwinkel bis hin zu ungewöhnlichen Fundstücken reichen. Die Bilder sind dafür bekannt, gute Laune zu verbreiten und eignen sich hervorragend als Geschenk oder Sammlerstück. Neben Köln sind auch Fotos aus anderen Städten wie Berlin, Aachen und Frankfurt erhältlich. kölnknipse-Bilder sind im Laden in verschiedenen Größen erhältlich, größere Formate können auf Anfrage angefertigt werden. Alternativ können die Produkte bequem im Online-Shop bestellt werden.",kölnknipse - schöne fotos im quadrat,Not specified,Inhaber,Len Finke,Geschenkladen,Inhaber Len Finke,,,Inhaber Len Finke,,,,,,
e.K.,http://www.koelner-schatzkaestchen.de/,Köln-Lindenthal,50935,Lindenthalgürtel 105,Herr,Dipl.-Kfm.,Norbert Eickelmann,+49 221 4303033,0221.430 30 33,info@koelner-schatzkaestchen.de,"Das Kölner Schatzkästchen Mehr als Geschenke ist ein Geschenkladen in Köln-Lindenthal. Der Laden bietet eine große Auswahl und Vielfalt an besonderen, kölsche Geschenken, aber auch vieles mehr. Kunden sind eingeladen, auf ""Schatzsuche"" zu gehen und das Geschäft zu besuchen. Die Öffnungszeiten sind Montag bis Freitag von 9:30 bis 13:00 Uhr und von 15:00 bis 18:30 Uhr, sowie samstags von 10:00 bis 14:00 Uhr. Mittwochs ist der Laden geschlossen. Die Adresse lautet Lindenthalgürtel 105, Ecke Dürener Straße, 50935 Köln-Lindenthal. Telefonisch ist das Geschäft unter 0221 430 30 33 erreichbar.",Kölner Schatzkästchen Mehr als Geschenke,Herr,Dipl.-Kfm.,Norbert Eickelmann,Geschenkladen,Dipl.-Kfm. Norbert Eickelmann,,,Dipl.-Kfm. Norbert Eickelmann,,,,,,
e.K.,http://www.doodledom.de/,Köln,50937,Luxemburger Str. 176,Frau,,Luise Maria Kuhl,,01749826406,alaaf@doodledom.de,"doodleDom ist ein Souvenirladen aus Köln, der handgefertigte Produkte anbietet. Das Unternehmen wird von einem Mutter-Tochter-Gespann geführt, das jedes Stück mit Liebe und Herzblut von Hand fertigt. doodleDom legt Wert darauf, dass ihre Produkte kunterbunt, liebevoll, einzigartig, personalisierbar und originell sind und das kölsche Lebensgefühl widerspiegeln. Kunden können die Produkte im Online-Shop erwerben oder das Lädchen in Köln-Sülz besuchen. Dort sind Marlies und Steffi Kuhl montags, mittwochs, freitags und samstags von 14 bis 18 Uhr anzutreffen. Darüber hinaus ist doodleDom das ganze Jahr über auf verschiedenen Märkten und Straßenfesten im Kölner Stadtgebiet präsent. Bei individuellen Wünschen können Kunden das Team gerne kontaktieren.",doodleDom,Frau,,Luise Maria Kuhl,Souvenirladen,Luise Maria Kuhl,,,Luise Maria Kuhl,,,,,,
e.K.,https://www.derschoeneladenkoeln.de/,Köln,50858,Bahnstr. 2,Frau,,Judith Nürnberg,+49 176 20778518,+49(0) 176 / 2077 85 18,hallo@derschoeneladenkoeln.de,"Der Schöne Laden Köln ist eine kleine Boutique im Veedel, die sich auf ungewöhnliche Mode, handgemachten Schmuck, edle Accessoires und witzige Geschenkideen spezialisiert hat. Das Sortiment umfasst auch kölsche Deko, Kunsthandwerk und einzigartige Karnevalskostüme, Ringelshirts sowie Karnevalsjacken und Hüte. Der Laden legt Wert auf besondere Stücke, die nicht von der Stange sind.

Besonders hervorzuheben ist der handgefertigte Schmuck aus eigener Manufaktur. Ab Ende Oktober bietet der Laden eine große Auswahl an Karnevalsartikeln, darunter Hüte, Zylinder, Jacken und Accessoires. Zudem werden jeden Monat wechselnde Kunsthandwerker und Künstler vorgestellt, deren Produkte oft nur vor Ort erhältlich sind.

Der Schöne Laden Köln bietet auch die Möglichkeit, individuelle Karnevalsjacken aufpeppen zu lassen. Die Öffnungszeiten sind Dienstag bis Freitag von 10:00 bis 18:00 Uhr und Samstag von 10:00 bis 14:00 Uhr, mit verlängerten Öffnungszeiten an den Adventssamstagen. Der Laden befindet sich in der Bahnstraße 2, 50858 Köln Weiden.",Der Schöne Laden Köln,Frau,,Judith Nürnberg,Souvenirladen,Judith Nürnberg,,,Maika Spieker,,,Judith Nürnberg,,,
GmbH & Co. KG,https://shop.haie.de/,Köln,50679,Gummersbacher Straße 45,Herr,Vertretungsberechtigter Geschäftsführer,Philipp Walter,+49 221 2795101,0221 - 27 95 0,info@haie.de,"Der HAIEstore ist ein Fanartikelgeschäft, das sich auf Produkte rund um die Kölner Haie spezialisiert hat. Das Sortiment umfasst Trikots, Bekleidung für Herren, Damen und Kinder sowie Accessoires wie Caps, Mützen und Schlüsselanhänger. Neu im Sortiment sind auch Handyhüllen, die in Kooperation mit DeinDesign angeboten werden.

Besonders hervorzuheben sind die exklusiven Produkte wie der ""HAIE KAFFEE & HAIE ESPRESSO"", die in Zusammenarbeit mit der Kölner Kaffeemanufaktur entwickelt wurden. Ebenso erhältlich sind die offiziellen Kölner Haie Weine ""RUT & WIESS"", die in Partnerschaft mit dem Weingut O. Schell entstanden sind.

Der HAIEstore bietet auch einen physischen Laden im Haie-Zentrum in Köln an, wo Kunden die Produkte anprobieren können. Der Shop ist über die Website haie.de erreichbar und bietet Informationen zu AGB, Versand und Kontaktmöglichkeiten.",Der HAIEstore,Herr,Vertretungsberechtigter Geschäftsführer,Philipp Walter,Sport-Fanartikelgeschäft,Vertretungsberechtigter Geschäftsführer Philipp Walter,,,Philipp Walter,,,,,,
,https://www.kioskaltstadt.de/,,,,,,,+49 176 84699552,,,"Der Kiosk ""Altstadt Em Hätze vun Kölle"" ist ein Geschäft, das sich auf den Verkauf von Waren spezialisiert hat. Er befindet sich in der Altstadt von Köln und bietet eine Auswahl an Produkten an. Der Name des Kiosks, ""Em Hätze vun Kölle"", deutet auf eine starke Verbindung zur Stadt und ihrer Kultur hin. Es handelt sich um einen Ort, der wahrscheinlich von Einheimischen und Touristen gleichermaßen frequentiert wird. Der Kiosk dient als Anlaufstelle für den schnellen Einkauf von verschiedenen Artikeln.",Kiosk Altstadt Em Hätze vun Kölle,,,,Kiosk,,,,,,,,,,
,,,,,,,,+49 1523 4387061,,,,Vielfach,,,,Bekleidungsgeschäft,,,,,,,,,,
,http://www.koelnerzooshop.de/,,,,,,,+49 221 7785218,,,"Der ZooShop Clemenshof ist ein Souvenirladen, der sich auf tierbezogene Produkte spezialisiert hat. Er bietet eine breite Palette an Artikeln, die von Spielzeug über Kleidung bis hin zu Dekorationsgegenständen reicht. Besonderen Wert legt der ZooShop auf die Qualität und Originalität seiner Produkte. Viele Artikel sind handgefertigt oder stammen von kleinen Manufakturen. Das Sortiment ist darauf ausgelegt, sowohl Kinder als auch Erwachsene anzusprechen, die eine Leidenschaft für Tiere teilen. Der Laden versteht sich als Ort, an dem man besondere und liebevoll ausgewählte Geschenke findet.",ZooShop Clemenshof,,,,Souvenirladen,,,,,,,,,,Souvenirs
,,,,,,,,,,,,Münzquetschautomat,,,,Souvenirladen,,,,,,,,,,
,http://facebook.com/drakerecords,,,,,,,+49 221 29965197,,,"Drake Records ist ein Plattenladen, der sich auf den Verkauf von Vinyl-Schallplatten spezialisiert hat. Das Unternehmen bietet eine breite Auswahl an Musikgenres, von Klassikern bis hin zu aktuellen Veröffentlichungen. Drake Records legt Wert auf eine persönliche Beratung und hilft Kunden gerne dabei, ihre musikalischen Schätze zu finden. Neben neuen Platten gibt es auch eine Auswahl an gebrauchten Schallplatten. Der Laden ist ein Treffpunkt für Musikliebhaber und fördert die Vinyl-Kultur.",Drake Records,,,,Plattenladen,,,,,,,,,,Plattenladen
A/S,https://www.lego.com/stores/store/koln,Billund,7190,Åstvej 1,Herr,,Niels Christiansen,+49 221 65051368,0800 783 5346,,"The LEGO® Store Köln ist ein Spielwarengeschäft in der Hohe Straße 77-79 in Köln. Der Store bietet ein breites Sortiment an LEGO Produkten, darunter auch exklusive Sets und Neuheiten. Kunden können im Store die Minifiguren-Fabrik besuchen, um eigene Minifiguren zu gestalten, und an der Pick & Build Wall Steine nach Wunsch auswählen. Das Geschäft ist auch Teil des LEGO Insiders Programms, das Belohnungen und frühzeitigen Zugang zu Produkten bietet. Aktuell finden im Store saisonale Aktionen statt, wie zum Beispiel zur Weihnachtszeit. Der Store ist von Montag bis Samstag von 10:00 bis 20:00 Uhr geöffnet.",The LEGO® Store Köln,Herr,,Niels Christiansen,Spielwarengeschäft,Niels Christiansen,,,,,,,,,
"Edition Modity (Eigenverlag, Rechtsform nicht explizit genannt)",http://www.jan-kuenster.com/,Bonn,53127,Gudenauer Weg 75,Frau,,Milca Künster,+49 221 97711887,+49 (0)228 / 28 29 61,info@jankuenster.de,"Das Unternehmen Kölsche Lebensart ist ein Geschenkladen, der die Werke des Künstlers Jan Künster (1951-2025) vertreibt. Der Verlag wird von seiner Familie weitergeführt und trägt das Schaffen des Künstlers mit internationaler Strahlkraft weiter. Künsters Werke, die oft mit Acryl und Aquarell geschaffen wurden, befinden sich weltweit in Museen, Privatsammlungen und Haushalten. Er gilt als Begründer der modernen Pferdemalerei und seine Kunstwerke zur Kölschen Lebensart haben Kultstatus. Das Sortiment umfasst Kunstdrucke, Lithografien, Kalender, Tassen und Grußkarten in verschiedenen Kategorien wie Pferde, Köln, Bonn, Rheinromantik und Küchenclowns. Kölsche Lebensart betreibt Galerien in Köln und Bonn und bietet auch individuelle Grafiken und Sondereditionen an. Das Unternehmen legt Wert auf hohe Qualität und möchte die Kunst von Jan Künster einem breiten Publikum zugänglich machen.",Kölsche Lebensart,Herr,,Moritz Künster,Geschenkladen,Milca Künster,,,Jan Künster,,,Moritz Künster,,,
e.K.,http://www.koelngeschenk.de/,Köln,50679,Deutzer Freiheit 91,Herr,,Michael Kruse,+49 221 1683745,+49 221 1683745,kontakt@koelngeschenk.de,"Das Unternehmen Kölsche Geschenkartikel - Elke Kruse ist ein Geschenkladen, der sich auf hochwertige und ausgefallene Köln-Accessoires und kulinarische Spezialitäten spezialisiert hat. Sie bieten eine breite Palette an Produkten, die das Lebensgefühl der Domstadt widerspiegeln, von Mode und Wohnaccessoires bis hin zu Lebensmitteln und Spirituosen. Viele Artikel sind mit kölschen Sprüchen versehen und eignen sich hervorragend als Geschenk oder Souvenir. Neben dem Online-Shop betreibt das Unternehmen auch ein Ladenlokal in Köln-Deutz. Sie legen Wert auf einzigartige Geschenke, die Stil, Klasse und Tradition vereinen. Das Sortiment richtet sich an Jung und Alt und bietet für jeden Anlass das passende Präsent.",Kölsche Geschenkartikel - Elke Kruse,Herr,,Michael Kruse,Geschenkladen,Michael Kruse,,,Elke Kruse,,,Michael Kruse,,,Köln Accessoires; Geschenkartikel; kulinarische Spezialitäten; Mode; Schmuck
Unbekannt,http://www.pylones.com/,Colombes,92700,41 av. de l’agent Sarre,,,,+49 221 47193237,+33 01 56 83 85 99,,"Pylones ist ein französisches Unternehmen, das seit 1985 originelle und farbenfrohe Designobjekte anbietet. Sie sind bekannt dafür, alltägliche Gegenstände mit einem humorvollen und verspielten Geist neu zu erfinden. Das Sortiment umfasst eine breite Palette von Produkten, darunter Schmuck, Haushaltswaren, Küchenutensilien, Modeaccessoires und Geschenkartikel. Pylones legt Wert auf Kreativität und arbeitet mit verschiedenen Designern zusammen, um einzigartige Kollektionen zu schaffen. Ihre Produkte sind darauf ausgelegt, Freude zu bereiten und dem Alltag einen Hauch von Originalität zu verleihen. Das Unternehmen bietet auch eine Kollektion aus mundgeblasenem Glas-Schmuck an, der in Frankreich hergestellt wird. Pylones ist eine gute Anlaufstelle für ungewöhnliche und originelle Geschenkideen für jeden Anlass.",Pylones,Not specified,, ,Geschenkladen,,,,,,,,,,
,,,,,,,,+49 221 57025171,,,,Emila Design Ceyiz & Geschenkewelt,,,,Hochzeitssouvenirladen,,,,,,,,,,
,http://www.nippes.shop/,,,,,,,+49 221 22205819,,,"Schreibwaren Düssel ist ein etabliertes Schreibwarengeschäft. Es bietet eine breite Palette an Produkten für Büro, Schule und Hobby. Das Sortiment umfasst alles von Stiften und Papier bis hin zu Schulranzen und Bastelmaterialien. Besonderen Wert legt Schreibwaren Düssel auf persönliche Beratung und Kundenservice. Sie helfen Kunden gerne bei der Auswahl der passenden Artikel. Das Geschäft ist bekannt für seine Qualitätsprodukte und sein freundliches Team. Schreibwaren Düssel ist die Anlaufstelle für alle Schreibwarenbedürfnisse.",Schreibwaren Düssel,,,,Schreibwarengeschäft,,,,,,,,,,Schreibwaren
,https://www.koelnerzooshop.de/,,,,,,,+49 221 7785271,,,"Der Kölner Zoo Shop GmbH ist ein Souvenirladen, der sich auf Produkte rund um den Kölner Zoo spezialisiert hat. Das Unternehmen bietet eine breite Palette an Artikeln, die das Erlebnis im Zoo ergänzen und Erinnerungen schaffen. Dazu gehören beispielsweise Plüschtiere, Kleidung, Schreibwaren und Dekorationsartikel mit Zoo-Motiven. Der Shop richtet sich sowohl an Besucher des Zoos als auch an Tierliebhaber, die ein Stück Kölner Zoo mit nach Hause nehmen möchten. Durch die Nähe zum Zoo und die thematische Ausrichtung ist der Kölner Zoo Shop GmbH ein integraler Bestandteil des Zoobesuchs. Er ermöglicht es den Kunden, ihre Verbundenheit mit dem Zoo auszudrücken und die Erinnerung an ihren Besuch zu bewahren.",Kölner Zoo Shop GmbH,,,,Souvenirladen,,,,,,,,,,Souvenirs
GmbH,http://www.koelner-domshop.de/,Köln,50667,Roncalliplatz 2,Herr,,Thomas Hartmann,+49 221 17940444,+49 (0) 221 17940 444,geschaeftsfuehrung@koelner-domshop.de,"Der Kölner Domshop ist der offizielle Online-Shop des Kölner Doms und bietet eine breite Palette an Produkten für Touristen, Einheimische und Kölnliebhaber. Das Sortiment reicht von exklusiven Dom-Kollektionen und kirchlichen Devotionalien bis hin zu Souvenirs, Kleidung, Accessoires und Medien. Besonderheiten sind Artikel, die eine Verbindung zum 1. FC Köln und dem Kölner Dom herstellen, wie zum Beispiel Sonderartikel zum Ausweichtrikot. Der Shop richtet sich an alle, die ein Stück des Kölner Doms mit nach Hause nehmen möchten, sei es als Erinnerungsstück, Geschenk oder Aufmerksamkeit. Neben kirchlichen Artikeln wie Kreuzen und Kerzen finden sich auch Spiele, Bücher und Dekoratives. Der Kölner Domshop ist spezialisiert auf christliche Artikel, bietet aber für jeden etwas, der das Wahrzeichen Kölns liebt.",Kölner Domshop,Frau,,Sabine Pilgram,Souvenirladen,Thomas Hartmann,,,Sabine Pilgram,,,Sabine Pilgram,,,
GmbH,https://www.koelner-weinkeller.de/,Köln,50668,Domstraße 20,Herr,,Clemens Bauer,+49 221 1397280,0221/149-0,[email protected],"Der Kölner Weinkeller ist eine renommierte Weinhandlung, die als ""Weinhändler des Jahres"" ausgezeichnet wurde. Das Unternehmen bietet eine breite Auswahl an Weinen, darunter Weißweine, Rotweine, Rosé, Champagner und Sekt, sowie Bio- und Naturweine. Kunden können Weine aus verschiedenen Ländern wie Frankreich, Deutschland, Italien, Spanien und Südafrika entdecken.

Besonders hervorzuheben sind die ""Top Angebote"" mit attraktiven Rabatten auf ausgewählte Weine. Der Kölner Weinkeller legt Wert auf Inspiration und bietet zudem eine ""Schatzkammer"" mit besonderen Weinen sowie eine ""Cellar Selection"". Für treue Kunden gibt es exklusive Vorteile durch die Kundenkarte und den Club.

Der Weinblog des Unternehmens informiert über aktuelle Wein-Themen wie die VDP Großen Gewächse oder die Bordeaux-Jahrgänge. Neben dem Online-Shop betreibt der Kölner Weinkeller auch ein Ladengeschäft in Köln mit entsprechenden Öffnungszeiten. Das Unternehmen ist zertifizierter Bio-Fachhändler.",Kölner Weinkeller,Herr,,Sven Reinbold,Weinhandlung,Clemens Bauer,,,Ulrike Zanker,,,Sven Reinbold,,,
GmbH,https://www.zwilling.com/de/magazin/about-us-stores.html#!/l/koln/wallrafplatz-9/4297343,Solingen,42657,Grünewalder Strasse 14-22,Frau,Chairwoman,Karen Feldpausch-Sturm,+49 221 2577543,+49 212 882 197,service.de@zwilling-shop.com,"Der ZWILLING Shop Köln ist ein Fachhandel für Küchenbedarf. Das Unternehmen bietet eine breite Palette an Produkten, darunter Messer, Kochgeschirr und Küchenhelfer. Seit 1731 steht ZWILLING für Qualität und Expertise in der Küche. Aktuell gibt es ein besonderes Angebot für Xtend Kabellose Produkt Sets, inklusive einer Küchenwaage als Gratiszugabe, gültig bis zum 09.11.2025. Der Shop legt Wert auf Kundenservice mit kostenlosem Versand ab 49€ und 30 Tagen kostenfreier Rücksendung. ZWILLING engagiert sich zudem für umweltgerechte Entsorgung von Elektrogeräten und Batterien. Kunden können sich für einen Newsletter anmelden, um 10% Rabatt auf ihren ersten Einkauf zu erhalten und über Neuheiten sowie Angebote informiert zu werden.",ZWILLING Shop Köln,Frau,Chairwoman,Karen Feldpausch-Sturm,Fachhandel für Küchenbedarf,Chairwoman Karen Feldpausch-Sturm,,,Sven Schröder,,,Frank Setterich,,,